{
  "project_info": {
    "project_number": "96297155563",
    "project_id": "funtoo-5f034",
    "storage_bucket": "funtoo-5f034.appspot.com"
  },
  "client": [
    {
      "client_info": {
        "mobilesdk_app_id": "1:96297155563:android:0dd19646ee0e7fcf6337ae",
        "android_client_info": {
          "package_name": "com.desuntechnology.funtoo"
        }
      },
      "oauth_client": [
        {
          "client_id": "96297155563-lgfodbg4ea7ppcimgk8m8uuvtnnua2v4.apps.googleusercontent.com",
          "client_type": 3
        }
      ],
      "api_key": [
        {
          "current_key": "AIzaSyAHG9wJDJThFRp7aZdG9O2LMRvSRXjjois"
        }
      ],
      "services": {
        "appinvite_service": {
          "other_platform_oauth_client": [
            {
              "client_id": "96297155563-lgfodbg4ea7ppcimgk8m8uuvtnnua2v4.apps.googleusercontent.com",
              "client_type": 3
            }
          ]
        }
      }
    }
  ],
  "configuration_version": "1"
}